Grubość kępek,Jednolitość rozmiaru komórki,Jednorodność kształtu komórki,Przyleganie krańcowe komórek,Rozmiar pojedynczych komórek nabłonka,Nagie jądra,Chromatyna,Normalne jądra,Mitoza,Klasa
1.0,1.0,1.0,1.0,1.0,1.0,1.0,1.0,1.0,2.0
10.0,10.0,10.0,10.0,10.0,10.0,10.0,10.0,10.0,4.0
4.44216691068814,3.150805270863836,3.2152269399707176,2.830161054172767,3.234260614934114,3.5446559297218156,3.445095168374817,2.869692532942899,1.603221083455344,2.6998535871156664
